,manufacturer,model_name,variant_name,manufacturing_year,showroom_price,fuel_type,engine_capacity_cc,body_type,seating_capacity,transmission,power_bhp,torque_nm,mileage_kmpl,safety_rating,features
0,Tesla,Model Y,Model Y,2025,₹59.89 - 73.89 Lakh,Electric,0.0,SUV,5.0,Automatic,295 bhp,Not Available,Not Applicable,Not Available,"Cruise Control, Alloy Wheels, Rear AC Vents, Automatic Climate Control, Keyless Entry, Touch Screen"
1,Rolls-Royce,Phantom,Phantom,2025,₹8.99 - 10.48 Cr,Petrol,6749.0,Sedan,5.0,Automatic,563,,9.8,,"Luxury interior, Advanced safety features, High-end infotainment system"
2,Rolls-Royce,Cullinan,Cullinan,2025,₹10.50 - 12.25 Cr,Petrol,6750.0,SUV,5.0,Automatic,563,,6.6,,"All-wheel drive, Luxury interior, Advanced safety features"
3,Rolls-Royce,Spectre,Spectre,2025,₹7.50 Cr,Electric,0.0,Coupe,4.0,Automatic,576.63,,,,"Electric powertrain, Luxury interior, Advanced safety features"
4,Rolls-Royce,Ghost Series II,Ghost Series II,2025,₹8.95 - 10.52 Cr,Petrol,6750.0,Sedan,5.0,Automatic,563,,,,"Luxury interior, Advanced safety features, High-end infotainment system"
5,BYD,Seal,Standard,2025,₹41 - 53.15 Lakh,Electric,0.0,Sedan,5.0,Automatic,523 bhp,,,5 Star,"650 km range, 82.56 kWh battery, 5 Star Safety Rating"
6,BYD,Atto 3,Standard,2025,₹24.99 - 33.99 Lakh,Electric,0.0,SUV,5.0,Automatic,201 bhp,,,5 Star,"521 km range, 60.48 kWh battery, 5 Star Safety Rating"
7,BYD,Sealion 7,Standard,2025,₹48.90 - 54.90 Lakh,Electric,0.0,SUV,5.0,Automatic,523 bhp,,,5 Star,"567 km range, 82.56 kWh battery, 5 Seats, 5 Star Safety Rating"
8,BYD,eMAX 7,Standard,2025,₹26.90 - 29.90 Lakh,Electric,0.0,MUV,6.0,Automatic,201 bhp,,,,"530 km range, 71.8 kWh battery, 6, 7 Seats"
9,Jaguar,F-Pace,F-Pace,2025,₹72.90 Lakh,Diesel/Petrol,1997.0,SUV,5.0,Automatic,246.74 bhp,246.74 bhp,10.2 kmpl,Not specified,"Luxury SUV, High-quality materials, Touchscreen infotainment system, Adaptive cruise control, Panoramic sunroof"
10,Isuzu,D-Max,D-Max,2025,₹12.15 - 12.60 Lakh,Diesel,2499.0,Pickup Truck,2.0,Manual,77.77,,12,,"Power Steering, Power Windows, Anti-lock Braking System (ABS)"
11,Isuzu,MU-X,MU-X,2025,₹37 - 40.70 Lakh,Diesel,1898.0,SUV,7.0,Automatic,160.92,,13,,"6 Airbags, Hill Descent Control, Traction Control"
12,Isuzu,V-Cross,V-Cross,2025,₹26 - 31.46 Lakh,Diesel,1898.0,Pickup Truck,5.0,Manual/Automatic,160.92,,12.4,,"Alloy Wheels, Touchscreen Infotainment, Rear Parking Sensors"
13,Isuzu,S-CAB,S-CAB,2025,₹14.20 Lakh,Diesel,2499.0,Pickup Truck,5.0,Manual,77.77,,16.56,,"Power Steering, Power Windows, Anti-lock Braking System (ABS)"
14,Isuzu,S-CAB Z,S-CAB Z,2025,₹16.30 Lakh,Diesel,2499.0,Pickup Truck,5.0,Manual,77.77,,,,"Power Steering, Power Windows, Anti-lock Braking System (ABS)"
15,Isuzu,Hi-Lander,Hi-Lander,2025,₹21.80 Lakh,Diesel,1898.0,Pickup Truck,5.0,Manual,160.92,,12.4,,"Power Steering, Power Windows, Anti-lock Braking System (ABS)"
16,Lexus,ES,Standard,2025,₹64 - 69.70 Lakh,Petrol,2487.0,Sedan,5.0,Automatic,175.67,,18,,"Luxury interior, Advanced safety features, High fuel efficiency"
17,Lexus,LM,Standard,2025,₹2.10 - 2.62 Cr,Petrol,2487.0,MUV,4.0,Automatic,190.42,,,,"Spacious interior, Luxury features, Advanced technology"
18,Lexus,RX,Standard,2025,₹95.80 Lakh - 1.20 Cr,Petrol,2487.0,SUV,5.0,Automatic,268,,,,"Sporty design, Advanced safety features, High performance"
19,Lexus,LX,Standard,2025,₹2.84 - 3.12 Cr,Petrol,3346.0,SUV,5.0,Automatic,304.41,,5,,"Luxury interior, Off-road capability, Advanced technology"
20,Lexus,NX,Standard,2025,₹68.02 - 74.98 Lakh,Petrol,2487.0,SUV,5.0,Automatic,187.74,,9.5,,"Stylish design, Advanced safety features, High fuel efficiency"
21,Ferrari,SF90 Stradale,SF90 Stradale,2025,₹7.50 Cr,Petrol,3990.0,Coupe,2.0,Automatic,986 bhp,800 Nm,18 kmpl,,"Hybrid powertrain, Advanced aerodynamics, All-wheel drive, Adaptive suspension, High-performance brakes"
22,Ferrari,F8 Tributo,F8 Tributo,2025,₹4.02 Cr,Petrol,3902.0,Coupe,2.0,Automatic,710.74 bhp,770 Nm,5.8 kmpl,,"Turbocharged V8 engine, Aerodynamic design, Advanced infotainment system, High-performance tires, LED headlights"
23,Ferrari,Roma,Roma,2025,₹3.76 Cr,Petrol,3855.0,Coupe,2.0,Automatic,611.5 bhp,760 Nm,6 kmpl,,"Elegant design, Comfortable interior, Advanced safety features, Powerful engine, Infotainment system"
24,Ferrari,296 GTB,296 GTB,2025,₹5.40 Cr,Petrol,2992.0,Coupe,2.0,Automatic,818 bhp,740 Nm,15.62 kmpl,,"Hybrid technology, High-performance engine, Luxurious interior, Advanced driver assistance, Sporty handling"
25,Ferrari,812,812,2025,₹5.75 Cr,Petrol,6496.0,Coupe,2.0,Automatic,788.52 bhp,718 Nm,5.5 kmpl,,"V12 engine, Exceptional performance, Luxurious features, Advanced aerodynamics, High-tech infotainment"
26,Land Rover,Defender,Defender,2025,₹1.05 - 2.79 Cr,Diesel/Petrol,5000.0,SUV,5.0,Not specified,626 bhp,Not specified,14.01 kmpl,5 Star,"Luxury SUV, Off-road capability, High safety ratings"
27,Land Rover,Range Rover,Range Rover,2025,₹2.48 - 2.75 Cr,Diesel/Petrol,2997.0,SUV,5.0,Not specified,394 bhp,Not specified,13.16 kmpl,5 Star,"Luxury SUV, High performance, Advanced technology"
28,Land Rover,Range Rover Velar,Range Rover Velar,2025,₹84.90 - 89.90 Lakh,Diesel/Petrol,1997.0,SUV,5.0,Not specified,183.9 bhp,Not specified,15.8 kmpl,5 Star,"Luxury SUV, Stylish design, Advanced safety features"
29,Land Rover,Range Rover Sport,Range Rover Sport,2025,₹1.48 Cr,Diesel/Petrol,2998.0,SUV,5.0,Not specified,345.98 bhp,Not specified,Not specified,Not specified,"Sporty design, High performance, Luxury features"
30,Land Rover,Range Rover Evoque,Range Rover Evoque,2025,₹69.50 Lakh,Diesel/Petrol,1997.0,SUV,5.0,Not specified,247 bhp,Not specified,12.82 kmpl,Not specified,"Compact SUV, Luxury features, Stylish design"
31,Land Rover,Land Rover Discovery,Land Rover Discovery,2025,₹1.34 - 1.47 Cr,Diesel,2997.0,SUV,5.0,Not specified,296.36 bhp,Not specified,12.37 kmpl,5 Star,"Spacious interior, Luxury features, Off-road capability"
32,Land Rover,Land Rover Discovery Sport,Land Rover Discovery Sport,2025,₹67.90 Lakh,Diesel/Petrol,1999.0,SUV,7.0,Not specified,247 bhp,Not specified,Not specified,Not specified,"Family SUV, Spacious seating, Luxury features"
33,Force,Urbania,Urbania,2025,₹30.51 - 37.21 Lakh,Diesel,2596.0,Minivan,10.0,Manual,114 bhp,11 Nm,11 kmpl,,"Comfortable seating for 8-10 people, Decent mileage, Reclining seats, Sufficient power for family trips"
34,Force,Gurkha,Gurkha,2025,₹16.75 Lakh,Diesel,2596.0,SUV,4.0,Manual,138 bhp,,9.5 kmpl,,"Off-road capabilities, Powerful engine, Rugged design, Good for bad roads"
35,Force,Gurkha 5 Door,Gurkha 5 Door,2025,₹18 Lakh,Diesel,2596.0,SUV,7.0,Manual,138.08 bhp,,9.5 kmpl,,"Off-road capabilities, Spacious seating, Rugged design, Good for family trips"
36,Lamborghini,Urus,Urus,2025,₹4.18 - 4.57 Cr,Petrol,3999.0,SUV,5.0,Automatic,657.1 bhp,850 Nm,5.5 kmpl,4 Star,"Luxury interior, Advanced infotainment system, All-wheel drive, Adaptive air suspension"
37,Lamborghini,Revuelto,Revuelto,2025,₹8.89 Cr,Petrol,6498.0,Coupe,2.0,Automatic,1001.11 bhp,,,,"High-performance hybrid engine, Aerodynamic design, Advanced safety features"
38,Lamborghini,Temerario,Temerario,2025,₹6 Cr,Petrol,3995.0,Coupe,2.0,Automatic,907 bhp,,,,"Plug-in hybrid technology, Luxury interior, High-speed performance"
39,Lamborghini,Huracan EVO,Huracan EVO,2025,₹4 - 4.99 Cr,Petrol,5204.0,Coupe,2.0,Automatic,630.3 bhp,,5.9 kmpl,,"Dynamic steering, Advanced aerodynamics, Luxury interior"
40,Mclaren,GT,GT,2025,₹4.50 Cr,Petrol,3994.0,Coupe,2.0,Not specified,Not specified,Not specified,5.1 kmpl,Not specified,"Luxury interior, High performance, Advanced technology"
41,Mclaren,750S,750S,2025,₹5.91 Cr,Petrol,3994.0,Coupe,2.0,Not specified,740 bhp,Not specified,6.1 kmpl,Not specified,"High performance, Aerodynamic design, Luxury interior"
42,Maserati,Levante,Levante,2025,₹1.49 - 1.64 Cr,Diesel/Petrol,2987.0,SUV,5.0,,350 bhp,,12 kmpl,,"Luxury interior, Advanced infotainment system, All-wheel drive, Multiple driving modes"
43,Maserati,Ghibli,Ghibli,2025,₹1.15 - 1.93 Cr,Petrol,3799.0,Sedan,5.0,,572.06 bhp,,6 kmpl,,"Luxury interior, High-performance engine, Advanced safety features, Infotainment system"
44,Maserati,Grecale,Grecale,2025,₹1.31 - 2.05 Cr,Petrol,3000.0,SUV,5.0,,523 bhp,,9.2 kmpl,,"Sporty design, Advanced technology, Comfortable seating, High performance"
45,Maserati,GranTurismo,GranTurismo,2025,₹2.25 - 2.51 Cr,Diesel/Petrol,4691.0,Coupe,4.0,,460 bhp,,10 kmpl,,"Luxury coupe design, High-performance engine, Advanced safety features, Premium interior"
46,Maserati,Quattroporte,Quattroporte,2025,₹1.71 - 1.86 Cr,Diesel/Petrol,2999.0,Sedan,5.0,,430 bhp,,11.76 kmpl,5 Star,"Luxury sedan design, Advanced technology, Comfortable seating, High performance"
47,Maserati,GranCabrio,GranCabrio,2025,₹2.46 - 2.69 Cr,Diesel/Petrol,4691.0,Convertible,4.0,,460 bhp,,10.2 kmpl,,"Luxury convertible design, High-performance engine, Advanced safety features, Premium interior"
48,PMV,EaS E,EaS E,2025,₹4.79 Lakh,Electric,10000.0,Hatchback,2.0,Automatic,13.41 bhp,,,4 Star,"Electric vehicle, Compact design, Affordable pricing, Good safety rating, Suitable for urban commuting"
49,Mini,Cooper 3 DOOR,Cooper 3 DOOR,2025,₹42.70 Lakh,Petrol,1998.0,Hatchback,5.0,Automatic,189.08 bhp,320 Nm,17.33 kmpl,4 Star,"5 Seats, 17.33 kmpl, 1998 cc, 189.08 bhp, 4 Star Safety"
50,Mini,Cooper S,Cooper S,2025,₹44.90 - 55.90 Lakh,Petrol,1998.0,Hatchback,5.0,Automatic,201 bhp,280 Nm,15 kmpl,5 Star,"5 Seats, 15 kmpl, 1998 cc, 201 bhp, 5 Star Safety"
51,Mini,Cooper Countryman,Cooper Countryman,2025,₹48.10 - 49 Lakh,Petrol,1998.0,SUV,5.0,Automatic,189.08 bhp,320 Nm,14.34 kmpl,4 Star,"5 Seats, 14.34 kmpl, 1998 cc, 189.08 bhp, 4 Star Safety"
52,Mini,Cooper SE,Cooper SE,2025,₹53.50 Lakh,Electric,0.0,Hatchback,4.0,Automatic,181.03 bhp,270 Nm,,4 Star,"4 Seats, 270 km, 32.6 kWh, 181.03 bhp, 4 Star Safety"
53,Mini,Countryman Electric,Countryman Electric,2025,₹54.90 Lakh,Electric,0.0,SUV,5.0,Automatic,313 bhp,400 Nm,,,"5 Seats, 462 km, 66.4 kWh, 313 bhp, N/A"
54,Porsche,911,911,2025,₹2.11 - 4.06 Cr,Petrol,3996.0,Coupe,4.0,Automatic,641,,10.64,,Facelift
55,Porsche,Cayenne,Cayenne,2025,₹1.49 - 2.08 Cr,Petrol,2894.0,SUV,4.0,Automatic,348.66,,10.8,,Facelift
56,Porsche,Macan,Macan,2025,₹96.05 Lakh,Petrol,1984.0,SUV,5.0,Automatic,261.49,,6.1,,Facelift
57,Porsche,Taycan,Taycan,2025,₹1.70 - 2.69 Cr,Electric,93400.0,Sedan,5.0,Automatic,872,,,,705 km range
58,Porsche,Panamera,Panamera,2025,₹1.80 - 2.47 Cr,Petrol,3996.0,Sedan,4.0,Automatic,670.51,,20,,Facelift
59,Porsche,Macan EV,Macan EV,2025,₹1.22 - 1.69 Cr,Electric,100000.0,SUV,5.0,Automatic,608,,,,624 km range
60,Porsche,Cayenne Coupe,Cayenne Coupe,2025,₹1.55 - 2.09 Cr,Petrol,3996.0,Coupe,4.0,Automatic,493,,8,,Facelift
61,Strom Motors,R3,R3,2025,₹4.50 Lakh,Electric,30.0,Hatchback,2.0,Automatic,20.11 bhp,,,,"Eco-friendly solution, Smart urban mobility, Compact design, Air Conditioner"
62,Vayve Mobility,Eva,Nova,2025,₹3.25 Lakh,Electric,18.0,Hatchback,3.0,Automatic,20.11 bhp,,,,"Smart Connectivity, Keyless Entry (available in mid and top variants), Halogen Headlights (base variant)"
63,Vayve Mobility,Eva,Stella,2025,₹3.25 - 4.49 Lakh,Electric,18.0,Hatchback,3.0,Automatic,20.11 bhp,,,,"Smart Connectivity, Keyless Entry (available in mid and top variants), Halogen Headlights (base variant)"
64,Vayve Mobility,Eva,Vega,2025,₹3.25 - 4.49 Lakh,Electric,18.0,Hatchback,3.0,Automatic,20.11 bhp,,,,"Smart Connectivity, Keyless Entry (available in mid and top variants), Halogen Headlights (base variant)"
65,Volvo,XC90,XC90,2025,₹1.04 Cr,Petrol,1969.0,SUV,7.0,Automatic,247 bhp,400 Nm,12.35 kmpl,5 Star,"Advanced safety features, Mild-hybrid powertrain, Luxurious interior, Spacious seating"
66,Volvo,XC60,XC60,2025,₹70.75 Lakh,Petrol,1969.0,SUV,5.0,Automatic,250 bhp,400 Nm,11.2 kmpl,5 Star,"5 Star Safety Rating, Luxurious interior, Advanced safety features, Powerful engine"
67,Volvo,EC40,EC40,2025,₹59 Lakh,Electric,0.0,SUV,5.0,Automatic,402.3 bhp,660 Nm,,,"Electric powertrain, 530 km range, Advanced safety features, Luxurious interior"
68,Volvo,EX40,EX40,2025,₹49 - 57.90 Lakh,Electric,0.0,SUV,5.0,Automatic,408 bhp,660 Nm,,,"Electric powertrain, 592 km range, Advanced safety features, Luxurious interior"
69,Bajaj,Qute,Bajaj Qute,2025,₹3.61 Lakh,CNG,216.0,Hatchback,4.0,Manual,10.83 bhp,10.83 bhp,,1 Star,"Compact design for urban use, Affordable pricing, CNG fuel type, Suitable for personal and commercial use"
70,Aston Martin,Vantage,Vantage,2025,₹3.99 Cr,Petrol,3998.0,Coupe,2.0,Automatic,656 bhp,800 Nm,7 kmpl,,"Luxury interior, Advanced infotainment system, High-performance engine"
71,Aston Martin,DB12,DB12,2025,₹4.59 Cr,Petrol,3982.0,Coupe,2.0,Automatic,670.69 bhp,,10 kmpl,,"Luxurious design, Powerful V8 engine, Cutting-edge technology"
72,Aston Martin,DBX,DBX,2025,₹3.82 - 4.63 Cr,Petrol,3982.0,SUV,5.0,Automatic,697 bhp,,8 kmpl,,"Spacious interior, All-terrain capability, Advanced safety features"
73,Aston Martin,Vanquish,Vanquish,2025,₹8.85 Cr,Petrol,5203.0,Coupe,2.0,Automatic,824 bhp,,,,"High-performance V12 engine, Luxurious craftsmanship, Exceptional handling"
74,Citroen,C3,C3,2025,₹6.23 - 10.21 Lakh,Petrol/CNG,1199.0,Hatchback,5.0,Manual/Automatic,108.62,,19.3,,"Hatchback, 5 Seats, Manual/Automatic Transmission, Petrol/CNG Fuel Type, 19.3 kmpl Mileage"
75,Citroen,Basalt,Basalt,2025,₹8.32 - 14.10 Lakh,Petrol,1199.0,Hatchback,5.0,Manual/Automatic,109,,19.5,,"Hatchback, 5 Seats, Manual/Automatic Transmission, Petrol Fuel Type, 19.5 kmpl Mileage"
76,Citroen,Aircross,Aircross,2025,₹8.62 - 14.60 Lakh,Petrol,1199.0,SUV,5.0,Manual/Automatic,108.62,,18.5,,"SUV, 5, 7 Seats, Manual/Automatic Transmission, Petrol Fuel Type, 18.5 kmpl Mileage"
77,Citroen,C5 Aircross,C5 Aircross,2025,₹39.99 Lakh,Diesel,1997.0,SUV,5.0,Automatic,174.33,,17.5,,"SUV, 5 Seats, Automatic Transmission, Diesel Fuel Type, 17.5 kmpl Mileage"
78,Citroen,eC3,eC3,2025,₹12.90 - 13.41 Lakh,Electric,320.0,Hatchback,5.0,Automatic,56.21,,,,"Hatchback, 5 Seats, Automatic Transmission, Electric Fuel Type, 320 km Range"
79,Volkswagen,Virtus,Virtus,2025,₹11.56 - 19.40 Lakh,Petrol,1498.0,Sedan,5.0,Manual/Automatic,147.51 bhp,250 Nm,20.8 kmpl,5 Star,"5 Star Safety Rating, 20.8 kmpl Mileage, 1498 cc Engine, 147.51 bhp Power"
80,Volkswagen,Taigun,Taigun,2025,₹11.80 - 19.83 Lakh,Petrol,1498.0,SUV,5.0,Manual/Automatic,147.94 bhp,250 Nm,19.87 kmpl,5 Star,"5 Star Safety Rating, 19.87 kmpl Mileage, 1498 cc Engine, 147.94 bhp Power"
81,Volkswagen,Golf GTI,Golf GTI,2025,₹53 Lakh,Petrol,1984.0,Hatchback,5.0,Automatic,261 bhp,370 Nm,,,"261 bhp Power, 1984 cc Engine, 5 Seats"
82,Volkswagen,Tiguan R-Line,Tiguan R-Line,2025,₹49 Lakh,Petrol,1984.0,SUV,5.0,Automatic,201 bhp,320 Nm,12.58 kmpl,,"201 bhp Power, 1984 cc Engine, 12.58 kmpl Mileage, 5 Seats"
83,Nissan,Magnite,Magnite,2025,₹6.14 - 11.76 Lakh,Petrol/CNG,999.0,SUV,5.0,Manual/Automatic,99 bhp,99 Nm,19.9 kmpl,5 Star,"Nissan Connect feature, 360-degree camera, Wireless Apple CarPlay/Android Auto, Digital instrument cluster, LED headlamps, Push button start, Wireless charging"
84,Nissan,X-Trail,X-Trail,2025,₹49.92 Lakh,Petrol,1498.0,SUV,7.0,Automatic,161 bhp,,10 kmpl,,"Leather seats, 360-degree camera, Advanced safety features, Comfortable interior, High power output"
85,Jeep,Compass,Base,2025,₹18.99 - 32.41 Lakh,Diesel/Petrol,1956.0,SUV,5.0,Manual/Automatic,168 bhp,350 Nm,17.1,5 Star,"5-seater, Off-road capabilities, Advanced safety features"
86,Jeep,Meridian,Base,2025,₹24.99 - 38.79 Lakh,Diesel/Petrol,1956.0,SUV,5.0,Manual/Automatic,168 bhp,350 Nm,14.1,5 Star,"5-seater, Advanced safety features, Comfortable interior"
87,Jeep,Wrangler,Base,2025,₹67.65 - 71.65 Lakh,Petrol,1995.0,SUV,5.0,Automatic,268.2 bhp,400 Nm,11.4,5 Star,"5-seater, Off-road capabilities, Luxury interior"
88,Jeep,Grand Cherokee,Base,2025,₹67.50 - 69.04 Lakh,Petrol,1995.0,SUV,5.0,Automatic,268.27 bhp,400 Nm,7.2,5 Star,"5-seater, Luxury features, Advanced safety features"
89,Renault,Triber,Authentic,2025,₹6.30 Lakh - ₹9.40 Lakh,Petrol,999.0,MUV,7.0,Manual/Automatic,71.01 bhp,,20 kmpl,,"7 Seats, Petrol, 20 kmpl, Manual/Automatic, 999 cc, 71.01 bhp"
92,Skoda,Kylaq,Base,2025,₹8.25 - 13.99 Lakh,Petrol,999.0,SUV,5.0,Manual/Automatic,114,,19.68,,"5 Seats, Manual/Automatic Transmission, 19.68 kmpl Mileage"
93,Skoda,Slavia,Base,2025,₹10.49 - 18.33 Lakh,Petrol,1498.0,Sedan,5.0,Manual/Automatic,147.51,,20.32,5 Star,"5 Seats, Manual/Automatic Transmission, 20.32 kmpl Mileage, 5 Star Safety Rating"
94,Skoda,Kushaq,Base,2025,₹10.99 - 19.09 Lakh,Petrol,1498.0,SUV,5.0,Manual/Automatic,147.51,,19.76,5 Star,"5 Seats, Manual/Automatic Transmission, 19.76 kmpl Mileage, 5 Star Safety Rating"
95,Skoda,Kodiaq,Base,2025,₹46.89 - 48.69 Lakh,Petrol,1984.0,SUV,7.0,Automatic,201,,14.86,,"7 Seats, Automatic Transmission, 14.86 kmpl Mileage"
96,Hyundai,Creta,Creta,2025,₹11.11 - 20.50 Lakh,Diesel/Petrol,1497.0,SUV,5.0,Manual/Automatic,157.57 bhp,157.57 Nm,21.8 kmpl,4 Star,"Sunroof, Touchscreen Infotainment, Cruise Control, ABS with EBD, Airbags"
97,Hyundai,Venue,Venue,2025,₹7.94 - 13.62 Lakh,Diesel/Petrol,1493.0,SUV,5.0,Manual/Automatic,118 bhp,118 Nm,24.2 kmpl,4 Star,"Sunroof, Touchscreen Infotainment, Cruise Control, ABS with EBD, Airbags"
98,Hyundai,Verna,Verna,2025,₹11.07 - 17.58 Lakh,Petrol,1497.0,Sedan,5.0,Manual/Automatic,157.57 bhp,157.57 Nm,20.6 kmpl,5 Star,"Sunroof, Touchscreen Infotainment, Cruise Control, ABS with EBD, Airbags"
99,Hyundai,i20,i20,2025,₹7.51 - 11.25 Lakh,Petrol,1197.0,Hatchback,5.0,Manual/Automatic,87 bhp,87 Nm,20 kmpl,5 Star,"Sunroof, Touchscreen Infotainment, Cruise Control, ABS with EBD, Airbags"
100,Hyundai,Exter,Exter,2025,₹6 - 10.51 Lakh,Petrol/CNG,1197.0,Hatchback,5.0,Manual/Automatic,81.8 bhp,81.8 Nm,19.4 kmpl,4 Star,"Sunroof, Touchscreen Infotainment, Cruise Control, ABS with EBD, Airbags"
101,Hyundai,Aura,Aura,2025,₹6.54 - 9.11 Lakh,Petrol/CNG,1197.0,Sedan,5.0,Manual/Automatic,82 bhp,82 Nm,17 kmpl,4 Star,"Sunroof, Touchscreen Infotainment, Cruise Control, ABS with EBD, Airbags"
102,Hyundai,Alcazar,Alcazar,2025,₹14.99 - 21.74 Lakh,Diesel/Petrol,1493.0,SUV,6.0,Manual/Automatic,158 bhp,158 Nm,20.4 kmpl,5 Star,"Sunroof, Touchscreen Infotainment, Cruise Control, ABS with EBD, Airbags"
103,Hyundai,Tucson,Tucson,2025,₹29.27 - 36.04 Lakh,Diesel/Petrol,1999.0,SUV,5.0,Automatic,183.72 bhp,183.72 Nm,18 kmpl,5 Star,"Sunroof, Touchscreen Infotainment, Cruise Control, ABS with EBD, Airbags"
104,Hyundai,Creta Electric,Creta Electric,2025,₹17.99 - 24.38 Lakh,Electric,0.0,SUV,5.0,Automatic,169 bhp,,,5 Star,"Sunroof, Touchscreen Infotainment, Cruise Control, ABS with EBD, Airbags"
105,Hyundai,Creta N Line,Creta N Line,2025,₹16.93 - 20.64 Lakh,Petrol,1482.0,SUV,5.0,Manual/Automatic,158 bhp,158 Nm,18.2 kmpl,5 Star,"Sunroof, Touchscreen Infotainment, Cruise Control, ABS with EBD, Airbags"
106,Hyundai,Venue N Line,Venue N Line,2025,₹12.15 - 14 Lakh,Petrol,998.0,SUV,5.0,Manual/Automatic,118.41 bhp,118.41 Nm,18 kmpl,4 Star,"Sunroof, Touchscreen Infotainment, Cruise Control, ABS with EBD, Airbags"
107,Hyundai,Grand i10 Nios,Grand i10 Nios,2025,₹5.98 - 8.62 Lakh,Petrol/CNG,1197.0,Hatchback,5.0,Manual/Automatic,82 bhp,82 Nm,18 kmpl,4 Star,"Sunroof, Touchscreen Infotainment, Cruise Control, ABS with EBD, Airbags"
108,Hyundai,i20 N-Line,i20 N-Line,2025,₹9.99 - 12.56 Lakh,Petrol,998.0,Hatchback,5.0,Manual/Automatic,118 bhp,118 Nm,20 kmpl,5 Star,"Sunroof, Touchscreen Infotainment, Cruise Control, ABS with EBD, Airbags"
109,Hyundai,IONIQ 5,IONIQ 5,2025,₹46.05 Lakh,Electric,0.0,SUV,5.0,Automatic,214.56 bhp,,,5 Star,"Sunroof, Touchscreen Infotainment, Cruise Control, ABS with EBD, Airbags"
110,Tata,Nexon,Nexon,2025,₹8 - 15.60 Lakh,Diesel/Petrol/CNG,1497.0,SUV,5.0,Manual/Automatic,118.27 bhp,118.27 Nm,24.08 kmpl,5 Star,"Diesel/Petrol/CNG, 24.08 kmpl, Manual/Automatic, 1497 cc, 118.27 bhp, 5 Star Safety"
111,Tata,Punch,Punch,2025,₹6 - 10.32 Lakh,Petrol/CNG,1199.0,SUV,5.0,Manual/Automatic,87 bhp,87 Nm,20.09 kmpl,5 Star,"Petrol/CNG, 20.09 kmpl, Manual/Automatic, 1199 cc, 87 bhp, 5 Star Safety"
112,Tata,Altroz,Altroz,2025,₹6.89 - 11.49 Lakh,Diesel/Petrol/CNG,1497.0,Hatchback,5.0,Manual/Automatic,88.76 bhp,88.76 Nm,,5 Star,"Diesel/Petrol/CNG, Manual/Automatic, 1497 cc, 88.76 bhp, 5 Seats"
113,Tata,Curvv,Curvv,2025,₹10 - 19.52 Lakh,Diesel/Petrol,1497.0,SUV,5.0,Manual/Automatic,123 bhp,,12 kmpl,5 Star,"Diesel/Petrol, 12 kmpl, Manual/Automatic, 1497 cc, 123 bhp, 5 Star Safety"
114,Tata,Harrier,Harrier,2025,₹15 - 26.50 Lakh,Diesel,1956.0,SUV,5.0,Manual/Automatic,167.62 bhp,,16.8 kmpl,5 Star,"Diesel, 16.8 kmpl, Manual/Automatic, 1956 cc, 167.62 bhp, 5 Star Safety"
115,Tata,Tiago,Tiago,2025,₹5 - 8.55 Lakh,Petrol/CNG,1199.0,Hatchback,5.0,Manual/Automatic,84.82 bhp,84.82 Nm,19.01 kmpl,4 Star,"Petrol/CNG, 19.01 kmpl, Manual/Automatic, 1199 cc, 84.82 bhp, 4 Star Safety"
116,Tata,Harrier EV,Harrier EV,2025,₹21.49 - 30.23 Lakh,Electric,0.0,SUV,5.0,Automatic,390 bhp,,,6 Airbags,"Electric, Automatic, 627 km, 75 kWh, 390 bhp, 6 Airbags, 5 Seats"
117,Tata,Safari,Safari,2025,₹15.50 - 27.25 Lakh,Diesel,1956.0,SUV,5.0,Manual/Automatic,167.62 bhp,,16.3 kmpl,5 Star,"Diesel, 16.3 kmpl, Manual/Automatic, 1956 cc, 167.62 bhp, 5 Star Safety"
118,Tata,Nexon EV,Nexon EV,2025,₹12.49 - 17.19 Lakh,Electric,0.0,SUV,5.0,Automatic,142 bhp,,,6 Airbags,"Electric, Automatic, 489 km, 46.08 kWh, 142 bhp, 6 Airbags, 5 Star Safety"
119,Tata,Punch EV,Punch EV,2025,₹9.99 - 14.44 Lakh,Electric,0.0,SUV,5.0,Automatic,120.69 bhp,,,6 Airbags,"Electric, Automatic, 421 km, 35 kWh, 120.69 bhp, 6 Airbags, 5 Star Safety"
120,Tata,Tiago EV,Tiago EV,2025,₹7.99 - 11.14 Lakh,Electric,0.0,Hatchback,5.0,Automatic,73.75 bhp,,,2 Airbags,"Electric, Automatic, 315 km, 24 kWh, 73.75 bhp, 2 Airbags, 4 Star Safety"
121,Tata,Tigor,Tigor,2025,₹6 - 9.50 Lakh,Petrol/CNG,1199.0,Sedan,5.0,Manual,84.48 bhp,84.48 Nm,19.28 kmpl,3 Star,"Petrol/CNG, 19.28 kmpl, Manual, 1199 cc, 84.48 bhp, 3 Star Safety"
122,Tata,Curvv EV,Curvv EV,2025,₹17.49 - 22.24 Lakh,Electric,0.0,SUV,5.0,Automatic,165 bhp,,,6 Airbags,"Electric, Automatic, 502 km, 55 kWh, 165 bhp, 6 Airbags, 5 Star Safety"
123,Tata,Tigor EV,Tigor EV,2025,₹12.49 - 13.75 Lakh,Electric,0.0,Sedan,5.0,Automatic,73.75 bhp,,,2 Airbags,"Electric, Automatic, 315 km, 26 kWh, 73.75 bhp, 2 Airbags, 4 Star Safety"
124,Tata,Yodha Pickup,Yodha Pickup,2025,₹6.95 - 7.50 Lakh,Diesel,2956.0,Pickup Truck,4.0,Manual,85.82 bhp,85.82 Nm,13 kmpl,,"Diesel, 13 kmpl, Manual, 2956 cc, 85.82 bhp, 2, 4 Seats"
125,Tata,Tiago NRG,Tiago NRG,2025,₹7.30 - 8.85 Lakh,Petrol/CNG,1199.0,Hatchback,5.0,Manual/Automatic,84.82 bhp,84.82 Nm,20.09 kmpl,4 Star,"Petrol/CNG, 20.09 kmpl, Manual/Automatic, 1199 cc, 84.82 bhp, 4 Star Safety"
126,Pravaig,DEFY,DEFY,2025,₹39.50 Lakh,Electric,90900.0,SUV,4.0,Automatic,402 bhp,,,,"Electric, 500 km range, 90.9 kWh battery, 4 Seats, Cruise Control, Alloy Wheels, Automatic Climate Control"
127,BMW,M5,M5,2025,₹1.99 Cr,Petrol,4395.0,Sedan,5.0,Automatic,717 bhp,750 Nm,49.75 kmpl,5 Star,"Powerful engine, Luxurious interior, Advanced safety features"
128,BMW,X1,X1,2025,₹50.80 - 54.30 Lakh,Diesel/Petrol,1995.0,SUV,5.0,Automatic,147.51 bhp,360 Nm,20.37 kmpl,5 Star,"Spacious interior, Advanced infotainment system, Multiple driving modes"
129,BMW,X5,X5,2025,₹97.80 Lakh - 1.12 Cr,Diesel/Petrol,2998.0,SUV,5.0,Automatic,375.48 bhp,375.48 Nm,12 kmpl,5 Star,"Luxurious interior, Advanced safety features, Powerful performance"
130,BMW,X7,X7,2025,₹1.31 - 1.35 Cr,Diesel/Petrol,2998.0,SUV,5.0,Automatic,375.48 bhp,375.48 Nm,14.31 kmpl,5 Star,"Spacious interior, Advanced safety features, Luxurious design"
131,BMW,Z4,Z4,2025,₹92.90 - 97.90 Lakh,Petrol,2998.0,Convertible,2.0,Manual/Automatic,335 bhp,500 Nm,8.5 kmpl,5 Star,"Sporty design, Powerful engine, Advanced infotainment system"
132,BMW,M8 Coupe Competition,M8 Coupe Competition,2025,₹2.44 Cr,Petrol,4395.0,Coupe,5.0,Automatic,616.87 bhp,750 Nm,8.7 kmpl,5 Star,"High performance, Luxurious interior, Advanced safety features"
133,BMW,X3,X3,2025,₹75.80 - 77.80 Lakh,Diesel/Petrol,1998.0,SUV,5.0,Automatic,194 bhp,400 Nm,17.86 kmpl,5 Star,"Spacious interior, Advanced safety features, Powerful performance"
134,BMW,M2,M2,2025,₹1.03 Cr,Petrol,2993.0,Coupe,4.0,Automatic,473 bhp,550 Nm,10.19 kmpl,5 Star,"Sporty design, Powerful engine, Advanced infotainment system"
135,BMW,3 Series,3 Series,2025,₹75.90 Lakh,Petrol,2998.0,Sedan,5.0,Automatic,368.78 bhp,500 Nm,13.02 kmpl,5 Star,"Luxurious interior, Advanced safety features, Powerful performance"
136,BMW,5 Series,5 Series,2025,₹74.40 Lakh,Petrol,1998.0,Sedan,5.0,Automatic,255 bhp,400 Nm,10.9 kmpl,5 Star,"Luxurious interior, Advanced safety features, Comfortable ride"
137,BMW,XM,XM,2025,₹2.60 Cr,Petrol,4395.0,SUV,5.0,Automatic,643.69 bhp,643.69 Nm,61.9 kmpl,5 Star,"High performance, Luxurious interior, Advanced safety features"
138,BMW,2 Series Gran Coupe,2 Series Gran Coupe,2025,₹46.90 - 48.90 Lakh,Petrol,1499.0,Sedan,5.0,Automatic,154 bhp,220 Nm,16.35 kmpl,5 Star,"Stylish design, Comfortable interior, Advanced safety features"
139,BMW,7 Series,7 Series,2025,₹1.84 - 1.87 Cr,Diesel/Petrol,2998.0,Sedan,5.0,Automatic,375.48 bhp,375.48 Nm,8 kmpl,5 Star,"Luxurious interior, Advanced safety features, Powerful performance"
140,BMW,iX1,iX1,2025,₹49 Lakh,Electric,0.0,SUV,5.0,Automatic,201 bhp,400 Nm,,5 Star,"Electric powertrain, Advanced safety features, Spacious interior"
141,BMW,M4 Competition,M4 Competition,2025,₹1.53 Cr,Petrol,2993.0,Coupe,4.0,Automatic,503 bhp,600 Nm,9.7 kmpl,5 Star,"Sporty design, Powerful engine, Advanced infotainment system"
142,BMW,i7,i7,2025,₹2.05 - 2.50 Cr,Electric,0.0,Sedan,5.0,Automatic,650.39 bhp,1000 Nm,,5 Star,"Electric powertrain, Luxurious interior, Advanced safety features"
143,BMW,M4 CS,M4 CS,2025,₹1.89 Cr,Petrol,2993.0,Coupe,4.0,Automatic,543 bhp,600 Nm,9.7 kmpl,5 Star,"Sporty design, Powerful engine, Advanced infotainment system"
144,BMW,iX,iX,2025,₹1.40 Cr,Electric,0.0,SUV,5.0,Automatic,516.29 bhp,1000 Nm,,5 Star,"Electric powertrain, Luxurious interior, Advanced safety features"
145,BMW,3 Series Long Wheelbase,3 Series Long Wheelbase,2025,₹62 - 65 Lakh,Diesel/Petrol,1998.0,Sedan,5.0,Automatic,254.79 bhp,400 Nm,19.61 kmpl,5 Star,"Spacious interior, Advanced safety features, Comfortable ride"
146,BMW,i4,i4,2025,₹72.50 - 77.50 Lakh,Electric,0.0,Sedan,5.0,Automatic,335.25 bhp,400 Nm,,5 Star,"Electric powertrain, Luxurious interior, Advanced safety features"
147,BMW,i5,i5,2025,₹1.20 Cr,Electric,0.0,Sedan,5.0,Automatic,592.73 bhp,800 Nm,,5 Star,"Electric powertrain, Luxurious interior, Advanced safety features"
148,Bentley,Flying Spur,Flying Spur,2025,₹5.25 - 7.60 Cr,Petrol,5950.0,Sedan,4.0,Automatic,626,,12.5,,"Luxury interior, Advanced infotainment system, High-performance engine, Multiple driving modes"
149,Bentley,Continental,Continental,2025,₹5.23 - 8.45 Cr,Petrol,5993.0,Coupe,4.0,Automatic,650,,12.9,,"Luxury interior, Advanced infotainment system, High-performance engine, Multiple driving modes"
150,Bentley,Bentayga,Bentayga,2025,₹5 - 6.75 Cr,Petrol,3993.0,SUV,4.0,Automatic,542,,8.6,,"Luxury interior, Advanced infotainment system, High-performance engine, Multiple driving modes"
151,Audi,Q7,Q7,2025,₹90.48 - 99.81 Lakh,Petrol,2995.0,SUV,7.0,Automatic,335 bhp,500 Nm,11 kmpl,5 Star,"Park Assist Plus with 360-degree camera, Luxurious interior, Advanced infotainment system"
152,Audi,A4,A4,2025,₹47.93 - 57.11 Lakh,Petrol,1984.0,Sedan,5.0,Automatic,207 bhp,320 Nm,15 kmpl,5 Star,"Leather upholstery, Sunroof, Advanced safety features"
153,Audi,Q3,Q3,2025,₹45.24 - 55.64 Lakh,Petrol,1984.0,SUV,5.0,Automatic,187.74 bhp,320 Nm,10.14 kmpl,5 Star,"Panoramic sunroof, Virtual cockpit, Adaptive cruise control"
154,Audi,A6,A6,2025,₹66.05 - 72.43 Lakh,Petrol,1984.0,Sedan,5.0,Automatic,241.3 bhp,400 Nm,14.11 kmpl,5 Star,"Matrix LED headlights, Bang & Olufsen sound system, Advanced driver assistance systems"
155,Audi,Q5,Q5,2025,₹68 - 73.79 Lakh,Petrol,1984.0,SUV,5.0,Automatic,245.59 bhp,400 Nm,13.47 kmpl,5 Star,"Quattro all-wheel drive, Adaptive air suspension, Virtual cockpit"
156,Audi,Q8,Q8,2025,₹1.17 Cr,Petrol,2995.0,SUV,5.0,Automatic,335 bhp,500 Nm,10 kmpl,5 Star,"Luxury interior, Advanced infotainment system, 360-degree camera"
157,Audi,RS Q8,RS Q8,2025,₹2.49 Cr,Petrol,3998.0,SUV,5.0,Automatic,632 bhp,850 Nm,9 kmpl,5 Star,"Sporty design, High-performance engine, Advanced safety features"
158,Audi,Q3 Sportback,Q3 Sportback,2025,₹56.24 - 56.94 Lakh,Petrol,1984.0,SUV,5.0,Automatic,187.74 bhp,320 Nm,10.14 kmpl,5 Star,"Sporty design, Virtual cockpit, Panoramic sunroof"
159,Audi,RS e-tron GT,RS e-tron GT,2025,₹2.05 Cr,Electric,0.0,Coupé,5.0,Automatic,636.98 bhp,850 Nm,,5 Star,"High-performance electric motor, Advanced infotainment system, Sporty design"
160,Audi,e-tron GT,e-tron GT,2025,₹1.72 Cr,Electric,0.0,Coupé,5.0,Automatic,522.99 bhp,640 Nm,,5 Star,"Luxury interior, Advanced safety features, High-performance electric motor"
161,Audi,Q8 e-tron,Q8 e-tron,2025,₹1.15 - 1.27 Cr,Electric,0.0,SUV,5.0,Automatic,402.3 bhp,660 Nm,,5 Star,"Long electric range, Luxury interior, Advanced safety features"
162,Audi,Q8 Sportback e-tron,Q8 Sportback e-tron,2025,₹1.19 - 1.32 Cr,Electric,0.0,SUV,5.0,Automatic,402.3 bhp,660 Nm,,5 Star,"Sporty design, Long electric range, Advanced safety features"
163,Audi,S5 Sportback,S5 Sportback,2025,₹77.77 - 85.10 Lakh,Petrol,2994.0,Coupé,5.0,Automatic,348.66 bhp,500 Nm,10.6 kmpl,5 Star,"Sporty design, High-performance engine, Luxury interior"
164,MG,Windsor EV,Windsor EV,2025,₹14 - 18.31 Lakh,Electric,0.0,Hatchback,5.0,Automatic,134 bhp,,,5 Star,"Electric, Automatic, 449 km range, 52.9 kWh battery, 6 Airbags"
165,MG,Hector,Hector,2025,₹14.25 - 23.14 Lakh,Diesel/Petrol,1956.0,SUV,5.0,Manual/Automatic,167.67 bhp,,15.58 kmpl,5 Star,"Diesel/Petrol, 15.58 kmpl, Manual/Automatic, 5 Star Safety"
166,MG,Comet EV,Comet EV,2025,₹7.50 - 10 Lakh,Electric,0.0,Hatchback,4.0,Automatic,41.42 bhp,,,,"Electric, Automatic, 230 km range, 17.4 kWh battery, 2 Airbags"
167,MG,M9,M9,2025,₹69.90 Lakh,Electric,0.0,SUV,7.0,Automatic,242 bhp,,,7 Airbags,"Electric, Automatic, 548 km range, 90 kWh battery, 7 Airbags"
168,MG,Cyberster,Cyberster,2025,₹75 Lakh,Electric,0.0,Convertible,2.0,Automatic,503 bhp,,,4 Airbags,"Electric, Automatic, 580 km range, 77 kWh battery, 4 Airbags"
169,MG,Astor,Astor,2025,₹11.30 - 17.56 Lakh,Petrol,1498.0,SUV,5.0,Manual/Automatic,108.49 bhp,,15.43 kmpl,5 Star,"Petrol, 15.43 kmpl, Manual/Automatic, 5 Star Safety"
170,MG,Gloster,Gloster,2025,₹41.05 - 46.24 Lakh,Diesel,1996.0,SUV,6.0,Automatic,212.55 bhp,,10 kmpl,,"Diesel, 10 kmpl, Automatic, 6, 7 Seats"
171,MG,ZS EV,ZS EV,2025,₹17.99 - 20.50 Lakh,Electric,0.0,SUV,5.0,Automatic,174.33 bhp,,,5 Star,"Electric, Automatic, 461 km range, 50.3 kWh battery, 6 Airbags"
172,MG,Hector Plus,Hector Plus,2025,₹17.50 - 23.94 Lakh,Diesel/Petrol,1956.0,SUV,5.0,Manual/Automatic,167.67 bhp,,15.58 kmpl,5 Star,"Diesel/Petrol, 15.58 kmpl, Manual/Automatic, 5 Star Safety"
173,Mahindra,Scorpio,Scorpio,2025,₹13.77 - 17.72 Lakh,Diesel,2184.0,SUV,7.0,Manual,130,330 Nm,14.44,4 Star,"7-9 Seats, Diesel, 14.44 kmpl, Manual Transmission"
174,Mahindra,Thar ROXX,Thar ROXX,2025,₹12.99 - 23.39 Lakh,Diesel/Petrol,2184.0,SUV,5.0,Manual/Automatic,174,320 Nm,15.2,4 Star,"5 Seats, Diesel/Petrol, 15.2 kmpl, Manual/Automatic Transmission"
175,Mahindra,XUV700,XUV700,2025,₹14.49 - 25.14 Lakh,Diesel/Petrol,2198.0,SUV,5.0,Manual/Automatic,197,450 Nm,17,5 Star,"5 Seats, Diesel/Petrol, 17 kmpl, Manual/Automatic Transmission"
176,Mahindra,Scorpio N,Scorpio N,2025,₹13.99 - 25.15 Lakh,Diesel/Petrol,2198.0,SUV,5.0,Manual/Automatic,200,370 Nm,15.94,5 Star,"5 Seats, Diesel/Petrol, 15.94 kmpl, Manual/Automatic Transmission"
177,Mahindra,Bolero,Bolero,2025,₹9.81 - 10.93 Lakh,Diesel,1493.0,SUV,7.0,Manual,75,210 Nm,16,1 Star,"7 Seats, Diesel, 16 kmpl, Manual Transmission"
178,Mahindra,XUV 3XO,XUV 3XO,2025,₹7.99 - 15.80 Lakh,Diesel/Petrol,1498.0,SUV,5.0,Manual/Automatic,128.73,300 Nm,20.6,5 Star,"5 Seats, Diesel/Petrol, 20.6 kmpl, Manual/Automatic Transmission"
179,Mahindra,Thar,Thar,2025,₹11.50 - 17.62 Lakh,Diesel/Petrol,2184.0,SUV,4.0,Manual/Automatic,150.19,300 Nm,8,4 Star,"4 Seats, Diesel/Petrol, 8 kmpl, Manual/Automatic Transmission"
180,Mahindra,BE 6,BE 6,2025,₹18.90 - 27.65 Lakh,Electric,0.0,SUV,5.0,Automatic,282,0 Nm,,5 Star,"5 Seats, Electric, 683 km range, Automatic Transmission"
181,Mahindra,XEV 9e,XEV 9e,2025,₹21.90 - 31.25 Lakh,Electric,0.0,SUV,5.0,Automatic,282,0 Nm,,5 Star,"5 Seats, Electric, 656 km range, Automatic Transmission"
182,Mahindra,Bolero Neo,Bolero Neo,2025,₹9.97 - 12.18 Lakh,Diesel,1493.0,SUV,5.0,Manual,98.56,240 Nm,17.29,1 Star,"5 Seats, Diesel, 17.29 kmpl, Manual Transmission"
183,Mahindra,Bolero Camper,Bolero Camper,2025,₹10.41 - 10.76 Lakh,Diesel,2523.0,Pickup,5.0,Manual,75.09,220 Nm,16,,"5 Seats, Diesel, 16 kmpl, Manual Transmission"
184,Mahindra,Marazzo,Marazzo,2025,₹14.59 - 17 Lakh,Diesel,1497.0,MUV,7.0,Manual,120.96,300 Nm,17.3,4 Star,"7 Seats, Diesel, 17.3 kmpl, Manual Transmission"
185,Mahindra,XUV400 EV,XUV400 EV,2025,₹15.49 - 17.69 Lakh,Electric,0.0,SUV,5.0,Automatic,149.55,0 Nm,,,"5 Seats, Electric, 456 km range, Automatic Transmission"
186,Mahindra,Bolero Neo Plus,Bolero Neo Plus,2025,₹11.41 - 12.51 Lakh,Diesel,2184.0,SUV,9.0,Manual,118.35,300 Nm,14,,"9 Seats, Diesel, 14 kmpl, Manual Transmission"
187,Mahindra,Bolero Pik-Up,Bolero Pik-Up,2025,₹9.70 - 10.59 Lakh,Diesel,2523.0,Pickup,2.0,Manual,75.09,220 Nm,14.3,,"2 Seats, Diesel, 14.3 kmpl, Manual Transmission"
188,Kia,Seltos,Kia Seltos,2025,₹11.19 - 20.56 Lakh,Diesel/Petrol,1497.0,SUV,5.0,Manual/Automatic,157.81,,20.7,3 Star,"Diesel/Petrol, 20.7 kmpl, Manual/Automatic"
189,Kia,Sonet,Kia Sonet,2025,₹8 - 15.64 Lakh,Diesel/Petrol,1493.0,SUV,5.0,Manual/Automatic,118,,24.1,,"Diesel/Petrol, 24.1 kmpl, Manual/Automatic"
190,Kia,Carens,Kia Carens,2025,₹11.41 - 13.16 Lakh,Diesel/Petrol,1497.0,MUV,5.0,Manual,157.81,,12.6,3 Star,"Diesel/Petrol, 12.6 kmpl, Manual"
191,Kia,Syros,Kia Syros,2025,₹9.50 - 17.80 Lakh,Diesel/Petrol,1493.0,SUV,5.0,Manual/Automatic,118,,20.75,,"Diesel/Petrol, 20.75 kmpl, Manual/Automatic"
192,Kia,Carens Clavis,Kia Carens Clavis,2025,₹11.50 - 21.50 Lakh,Diesel/Petrol,1497.0,MUV,6.0,Manual/Automatic,157.57,,19.54,,"Diesel/Petrol, 19.54 kmpl, Manual/Automatic"
193,Kia,Carnival,Kia Carnival,2025,₹63.91 Lakh,Diesel,2151.0,MUV,7.0,Automatic,190,,14.85,,"Diesel, 14.85 kmpl, Automatic"
194,Kia,Carens Clavis EV,Kia Carens Clavis EV,2025,₹17.99 - 24.49 Lakh,Electric,0.0,MUV,7.0,Automatic,169,,,,"Electric, 490 km, Automatic"
195,Kia,EV6,Kia EV6,2025,₹65.97 Lakh,Electric,0.0,SUV,5.0,Automatic,321,,,,"Electric, 663 km, Automatic"
196,Kia,EV9,Kia EV9,2025,₹1.30 Cr,Electric,0.0,SUV,6.0,Automatic,379,,,,"Electric, 561 km, Automatic"
197,Maruti Suzuki,Swift,Swift,2025,₹6.49 - 9.64 Lakh,Petrol/CNG,1197.0,Hatchback,5.0,Manual/Automatic,80.46 bhp,113 Nm,25.75 kmpl,4 Star,"Petrol/CNG, 25.75 kmpl, Manual/Automatic, 1197 cc, 80.46 bhp, 4 Star Safety"
198,Maruti Suzuki,Ertiga,Ertiga,2025,₹8.96 - 13.26 Lakh,Petrol/CNG,1462.0,MUV,5.0,Manual/Automatic,101.64 bhp,138 Nm,20.51 kmpl,3 Star,"Petrol/CNG, 20.51 kmpl, Manual/Automatic, 1462 cc, 101.64 bhp, 3 Star Safety"
199,Maruti Suzuki,FRONX,FRONX,2025,₹7.54 - 13.06 Lakh,Petrol/CNG,1197.0,SUV,5.0,Manual/Automatic,98.69 bhp,147 Nm,22.89 kmpl,5 Star,"Petrol/CNG, 22.89 kmpl, Manual/Automatic, 1197 cc, 98.69 bhp, 5 Seats"
200,Maruti Suzuki,Baleno,Baleno,2025,₹6.70 - 9.92 Lakh,Petrol/CNG,1197.0,Hatchback,5.0,Manual/Automatic,88.5 bhp,113 Nm,22.94 kmpl,5 Star,"Petrol/CNG, 22.94 kmpl, Manual/Automatic, 1197 cc, 88.5 bhp, 5 Seats"
201,Maruti Suzuki,Brezza,Brezza,2025,₹8.69 - 14.14 Lakh,Petrol/CNG,1462.0,SUV,5.0,Manual/Automatic,101.64 bhp,138 Nm,19.89 kmpl,4 Star,"Petrol/CNG, 19.89 kmpl, Manual/Automatic, 1462 cc, 101.64 bhp, 4 Star Safety"
202,Maruti Suzuki,Dzire,Dzire,2025,₹6.84 - 10.19 Lakh,Petrol/CNG,1197.0,Sedan,5.0,Manual/Automatic,80 bhp,113 Nm,25.71 kmpl,5 Star,"Petrol/CNG, 25.71 kmpl, Manual/Automatic, 1197 cc, 80 bhp, 5 Star Safety"
203,Maruti Suzuki,Wagon R,Wagon R,2025,₹5.79 - 7.62 Lakh,Petrol/CNG,1197.0,Hatchback,5.0,Manual/Automatic,88.5 bhp,113 Nm,25.19 kmpl,1 Star,"Petrol/CNG, 25.19 kmpl, Manual/Automatic, 1197 cc, 88.5 bhp, 1 Star Safety"
204,Maruti Suzuki,Grand Vitara,Grand Vitara,2025,₹11.42 - 20.68 Lakh,Petrol/CNG,1490.0,SUV,5.0,Manual/Automatic,101.64 bhp,136 Nm,27.97 kmpl,5 Star,"Petrol/CNG, 27.97 kmpl, Manual/Automatic, 1490 cc, 101.64 bhp, 5 Seats"
205,Maruti Suzuki,Alto K10,Alto K10,2025,₹4.23 - 6.21 Lakh,Petrol/CNG,998.0,Hatchback,5.0,Manual/Automatic,65.71 bhp,90 Nm,24.9 kmpl,2 Star,"Petrol/CNG, 24.9 kmpl, Manual/Automatic, 998 cc, 65.71 bhp, 2 Star Safety"
206,Maruti Suzuki,Jimny,Jimny,2025,₹12.76 - 14.96 Lakh,Petrol,1462.0,SUV,5.0,Manual/Automatic,103 bhp,130 Nm,16.94 kmpl,3 Star,"Petrol, 16.94 kmpl, Manual/Automatic, 1462 cc, 103 bhp, 3 Star Safety"
207,Maruti Suzuki,XL6,XL6,2025,₹11.84 - 14.99 Lakh,Petrol/CNG,1462.0,MUV,6.0,Manual/Automatic,101.64 bhp,138 Nm,20.97 kmpl,3 Star,"Petrol/CNG, 20.97 kmpl, Manual/Automatic, 1462 cc, 101.64 bhp, 3 Star Safety"
208,Maruti Suzuki,Celerio,Celerio,2025,₹5.64 - 7.37 Lakh,Petrol/CNG,998.0,Hatchback,5.0,Manual/Automatic,65.71 bhp,89 Nm,26.68 kmpl,5 Star,"Petrol/CNG, 26.68 kmpl, Manual/Automatic, 998 cc, 65.71 bhp, 5 Seats"
209,Maruti Suzuki,Ignis,Ignis,2025,₹5.85 - 8.12 Lakh,Petrol/CNG,1197.0,Hatchback,5.0,Manual/Automatic,81.8 bhp,113 Nm,20.89 kmpl,1 Star,"Petrol/CNG, 20.89 kmpl, Manual/Automatic, 1197 cc, 81.8 bhp, 1 Star Safety"
210,Maruti Suzuki,Eeco,Eeco,2025,₹5.70 - 6.96 Lakh,Petrol/CNG,1197.0,MUV,5.0,Manual,79.65 bhp,79.65 Nm,19.71 kmpl,,"Petrol/CNG, 19.71 kmpl, Manual, 1197 cc, 79.65 bhp, 5, 7 Seats"
211,Maruti Suzuki,S-Presso,S-Presso,2025,₹4.26 - 6.12 Lakh,Petrol/CNG,998.0,Hatchback,5.0,Manual/Automatic,65.71 bhp,90 Nm,25.3 kmpl,1 Star,"Petrol/CNG, 25.3 kmpl, Manual/Automatic, 998 cc, 65.71 bhp, 1 Star Safety"
212,Maruti Suzuki,Ciaz,Ciaz,2025,₹9.41 - 12.31 Lakh,Petrol,1462.0,Sedan,5.0,Manual/Automatic,103.25 bhp,138 Nm,20.65 kmpl,4 Star,"Petrol, 20.65 kmpl, Manual/Automatic, 1462 cc, 103.25 bhp, 4 Star Safety"
213,Maruti Suzuki,Invicto,Invicto,2025,₹25.51 - 29.22 Lakh,Petrol,1987.0,MUV,5.0,Automatic,150.19 bhp,200 Nm,23.24 kmpl,5 Star,"Petrol, 23.24 kmpl, Automatic, 1987 cc, 150.19 bhp, 5 Star Safety"
214,Maruti Suzuki,Dzire Tour S,Dzire Tour S,2025,₹6.82 - 7.77 Lakh,Petrol/CNG,1197.0,Sedan,5.0,Manual,76.43 bhp,113 Nm,26.06 kmpl,,"Petrol/CNG, 26.06 kmpl, Manual, 1197 cc, 76.43 bhp, N/A"
215,Maruti Suzuki,Ertiga Tour,Ertiga Tour,2025,₹10.03 - 10.98 Lakh,Petrol/CNG,1462.0,MUV,5.0,Manual,103.25 bhp,138 Nm,18.04 kmpl,3 Star,"Petrol/CNG, 18.04 kmpl, Manual, 1462 cc, 103.25 bhp, 3 Star Safety"
216,Maruti Suzuki,Alto Tour H1,Alto Tour H1,2025,₹4.97 - 5.87 Lakh,Petrol/CNG,998.0,Hatchback,5.0,Manual,67.58 bhp,67.58 Nm,24.39 kmpl,,"Petrol/CNG, 24.39 kmpl, Manual, 998 cc, 67.58 bhp, N/A"
217,Maruti Suzuki,Eeco Cargo,Eeco Cargo,2025,₹5.84 - 7.17 Lakh,Petrol/CNG,1197.0,MUV,2.0,Manual,79.65 bhp,79.65 Nm,20.2 kmpl,,"Petrol/CNG, 20.2 kmpl, Manual, 1197 cc, 79.65 bhp, 2 Star Safety"
218,Maruti Suzuki,Wagon R Tour,Wagon R Tour,2025,₹5.75 - 6.66 Lakh,Petrol/CNG,998.0,Hatchback,5.0,Manual,65.71 bhp,65.71 Nm,25.4 kmpl,1 Star,"Petrol/CNG, 25.4 kmpl, Manual, 998 cc, 65.71 bhp, 1 Star Safety"
219,Lotus,Eletre,Eletre,2025,₹2.55 - 2.99 Cr,Electric,,SUV,5.0,Automatic,603 bhp,,,,"Electric, Automatic, 600 km range, 112 kWh battery"
220,Lotus,Emira,Emira,2025,₹3.22 Cr,Petrol,1998.0,Coupe,,Manual/Automatic,400 bhp,,,,
221,Lotus,Emeya,Emeya,2025,₹2.34 Cr,Electric,,Sedan,5.0,Automatic,594.71 bhp,,,,"Electric, Automatic, 610 km range"
222,Honda,City,City,2025,₹12.38 - 16.65 Lakh,Petrol,1498.0,Sedan,5.0,Manual/Automatic,119.35 bhp,119.35 bhp,18.4 kmpl,4 Star,Facelift
223,Honda,Amaze,Amaze,2025,₹8.10 - 11.20 Lakh,Petrol,1199.0,Sedan,5.0,Manual/Automatic,89 bhp,89 bhp,19.46 kmpl,5 Star,
224,Honda,Elevate,Elevate,2025,₹11.91 - 16.83 Lakh,Petrol,1498.0,SUV,5.0,Manual/Automatic,119 bhp,119 bhp,16.92 kmpl,,Facelift
225,Honda,City Hybrid,City Hybrid,2025,₹19.90 Lakh,Hybrid,1498.0,Sedan,5.0,Automatic,96.55 bhp,96.55 bhp,27.13 kmpl,,
226,Honda,Amaze 2nd Gen,Amaze 2nd Gen,2025,₹7.20 - 9.96 Lakh,Petrol,1199.0,Sedan,5.0,Manual/Automatic,88.5 bhp,88.5 bhp,18.6 kmpl,2 Star,
227,Toyota,Fortuner,Fortuner,2025,₹36.05 - 52.34 Lakh,Diesel/Petrol,2755.0,SUV,5.0,Manual/Automatic,201.15 bhp,420 Nm,11 kmpl,5 Star,Facelift
228,Toyota,Innova Crysta,Innova Crysta,2025,₹19.99 - 27.08 Lakh,Diesel,2393.0,MUV,5.0,Manual,147.51 bhp,360 Nm,9 kmpl,5 Star,
229,Toyota,Urban Cruiser Hyryder,Urban Cruiser Hyryder,2025,₹11.34 - 19.99 Lakh,Petrol/CNG,1490.0,SUV,5.0,Manual/Automatic,101.64 bhp,136 Nm,27.97 kmpl,4 Star,
230,Toyota,Hilux,Hilux,2025,₹30.40 - 37.90 Lakh,Diesel,2755.0,Pickup Truck,5.0,Manual/Automatic,201.15 bhp,420 Nm,10 kmpl,5 Star,
231,Toyota,Land Cruiser 300,Land Cruiser 300,2025,₹2.31 - 2.41 Cr,Diesel/Petrol,3346.0,SUV,5.0,Automatic,304.41 bhp,650 Nm,11 kmpl,5 Star,Facelift
232,Toyota,Camry,Camry,2025,₹48.50 Lakh,Petrol,2487.0,Sedan,5.0,Automatic,227 bhp,221 Nm,25.49 kmpl,,
233,Toyota,Glanza,Glanza,2025,₹6.90 - 10 Lakh,Petrol/CNG,1197.0,Hatchback,5.0,Manual/Automatic,88.5 bhp,113 Nm,22.94 kmpl,,
234,Toyota,Innova Hycross,Innova Hycross,2025,₹19.14 - 32.58 Lakh,Petrol,1987.0,MUV,7.0,Automatic,183.72 bhp,187 Nm,23.24 kmpl,,
235,Toyota,Vellfire,Vellfire,2025,₹1.22 - 1.32 Cr,Petrol,2487.0,MUV,5.0,Automatic,190.42 bhp,356 Nm,16 kmpl,,
236,Toyota,Taisor,Taisor,2025,₹7.76 - 13.06 Lakh,Petrol/CNG,1197.0,Hatchback,5.0,Manual/Automatic,98.69 bhp,103 Nm,22.8 kmpl,,
237,Toyota,Rumion,Rumion,2025,₹10.66 - 13.96 Lakh,Petrol/CNG,1462.0,MUV,5.0,Manual/Automatic,101.64 bhp,136 Nm,20.51 kmpl,5 Star,
238,Toyota,Fortuner Legender,Fortuner Legender,2025,₹44.51 - 50.09 Lakh,Diesel,2755.0,SUV,5.0,Manual/Automatic,201.15 bhp,420 Nm,10.52 kmpl,5 Star,
